Ed-i40w7M_Y,-10,video
GEbZrY0G9PI,-10,video
Ed-i40w7M_Y,-10,video
GEbZrY0G9PI,-10,video
UoycRrk55BY,-10,video
kVKHP6ZRDgQ,-10,video
Qn2tSl5A5Ws,-10,video
NILdlPCc1Qs,-10,video
aO-j84f1OkE,-10,video
GEbZrY0G9PI,-10,video
qrvELfQhzpQ,-10,video
YU72qeap9k0,-10,video
9R-E5KYCnFk,-10,video
GOoSW7_olNc,-10,video
--HXXmRMT3c,-10,video
Kw02BNlOizw,-10,video
ID0qguwLE1g,-10,video
LCyIez_MTXw,-10,video
bbv2vpFg2Lg,-10,video
bHW_TCaNgQM,-10,video
iOIdj-VpFAs,-10,video
I_PHqE-P6IY,-10,video
yFgeqnGH4pA,-10,video
B7X6Tm77jJI,-10,video
